camera_id,frame,track_id,class,x_min,y_min,x_max,y_max,relational_state,homography
CAM-01,1001,42,pessoa,412,268,668,1012,,,
CAM-01,1001,101,capacete,468,884,612,1034,CORRETO,
CAM-01,1001,102,colete,430,346,650,546,INCORRETO,
CAM-01,1001,103,luvas,415,545,465,615,CORRETO,
CAM-01,1002,42,pessoa,412,268,668,1012,,,
CAM-01,1002,101,capacete,468,884,612,1034,CORRETO,
CAM-01,1002,102,colete,430,346,650,546,INCORRETO,
CAM-01,1002,103,luvas,415,545,465,615,AUSENTE,
CAM-01,1003,57,pessoa,1100,300,1320,980,,,
CAM-01,1003,201,capacete,1147,864,1281,1014,CORRETO,
CAM-01,1003,202,colete,1130,580,1290,780,CORRETO,
CAM-01,1003,203,luvas,1290,877,1340,947,INCORRETO,
